{
  "sector_stats": {
    "Advanced Technology": {
      "count": 3,
      "total_comp": {
        "mean": 3127584.0,
        "median": 3127584.0,
        "p25": 3127584.0,
        "p75": 3127584.0,
        "min": 3127584.0,
        "max": 3127584.0,
        "stdev": 0.0
      },
      "equity_mix": {
        "mean": 72.73985287045848,
        "median": 72.73985287045848,
        "p25": 72.73985287045848,
        "p75": 72.73985287045848,
        "min": 72.73985287045848,
        "max": 72.73985287045848,
        "stdev": 0.0
      },
      "salary": {
        "mean": 550000.0,
        "median": 550000.0
      }
    },
    "Technology": {
      "count": 323,
      "total_comp": {
        "mean": 11061272.780185759,
        "median": 8106143.0,
        "p25": 3440160.5,
        "p75": 14298554.0,
        "min": 8995.0,
        "max": 99736336.0,
        "stdev": 13346955.489568014
      },
      "equity_mix": {
        "mean": 115.80900161354364,
        "median": 127.59100171915418,
        "p25": 0.0,
        "p75": 200.0,
        "min": 0.0,
        "max": 200.0,
        "stdev": 82.92637003916651
      },
      "salary": {
        "mean": 1917145.2551020407,
        "median": 1991036.0
      }
    },
    "Biotechnology": {
      "count": 74,
      "total_comp": {
        "mean": 6632538.945945946,
        "median": 4086127.0,
        "p25": 2062424.0,
        "p75": 7046205.0,
        "min": 365177.0,
        "max": 51160430.0,
        "stdev": 9234522.249579169
      },
      "equity_mix": {
        "mean": 84.0503790120064,
        "median": 37.201950867552526,
        "p25": 0.0,
        "p75": 200.0,
        "min": 0.0,
        "max": 200.0,
        "stdev": 90.12806665284788
      },
      "salary": {
        "mean": 1881732.6153846155,
        "median": 2003459.0
      }
    },
    "Cybersecurity": {
      "count": 6,
      "total_comp": {
        "mean": 40433105.0,
        "median": 35195300.0,
        "p25": 35195300.0,
        "p75": 35195300.0,
        "min": 2081094.0,
        "max": 99736336.0,
        "stdev": 29147579.544036422
      },
      "equity_mix": {
        "mean": 133.33333333333334,
        "median": 200.0,
        "p25": 50.0,
        "p75": 200.0,
        "min": 0.0,
        "max": 200.0,
        "stdev": 94.28090415820634
      },
      "salary": {
        "mean": 1115005.3333333333,
        "median": 837695.0
      }
    }
  },
  "overall": {
    "total_companies": 1000,
    "total_comp": {
      "mean": 11623982.427,
      "median": 7451715.0,
      "p25": 3087765.75,
      "p75": 15647277.75,
      "min": 8212.0,
      "max": 99736336.0,
      "stdev": 13876685.478478013,
      "p10": 1092500.0,
      "p90": 25867325.0
    },
    "equity_mix": {
      "mean": 111.55713935544615,
      "median": 128.01813525135216,
      "above_85pct": 614,
      "below_50pct": 327
    }
  }
}